<?xml version="1.0" encoding="UTF-8"?>
<project-private xmlns="http://www.netbeans.org/ns/project-private/1">
    <editor-bookmarks xmlns="http://www.netbeans.org/ns/editor-bookmarks/2" lastBookmarkId="1">
        <file>
            <url>src/java/Controlador/CrudLibro.java</url>
            <bookmark id="1">
                <name/>
                <line>97</line>
                <key/>
            </bookmark>
        </file>
    </editor-bookmarks>
    <open-files xmlns="http://www.netbeans.org/ns/projectui-open-files/2">
        <group>
            <file>file:/C:/Users/EQUIPO/Desktop/nuevo1/ClienteBiblioteca1/web/estilos.css</file>
            <file>file:/C:/Users/EQUIPO/Desktop/nuevo1/ClienteBiblioteca1/web/ListadoLibrosUsuarios.jsp</file>
        </group>
    </open-files>
</project-private>
